{
    "loss": 13.159832954406738,
    "accuracy": 0.4313725531101227
}