{
    "loss": 12.746179580688477,
    "accuracy": 0.4313725531101227
}